"user_id","account_id","full_name","email","job_role","user_status","created_at","last_seen_at","timezone","locale","is_admin"
user_1,account_82,Ingrid Hansen,ingrid.hansen@salesops.eu,sales_rep,active,2026-06-09 05:17:49.000,2027-05-21 23:53:49.000,Europe/Oslo,fr-FR,false
user_2,account_26,Ethan Nilsson,ethan.nilsson@acme-eu.com,sales_rep,active,2029-09-12 09:51:54.000,2029-09-15 15:17:54.000,Europe/London,de-DE,false
user_3,account_13,Leo Thomas,leo.thomas@salesops.eu,sales_manager,active,2029-02-07 14:22:22.000,2029-10-01 08:40:22.000,Europe/Oslo,de-DE,false
user_4,account_25,Lucas Johansson,lucas.johansson@acme-eu.com,revops,invited,2029-08-21 16:33:21.000,,Europe/Stockholm,nl-NL,false
user_5,account_27,Lea Bakker,lea.bakker@nordicflow-customer.com,sales_manager,active,2029-02-06 15:49:02.000,2029-06-11 21:23:02.000,Europe/Berlin,de-DE,false
user_6,account_99,Sofia Olsen,sofia.olsen@nordicflow-customer.com,revops,active,2026-04-13 19:41:24.000,2026-07-31 15:02:24.000,Europe/London,da-DK,false
user_7,account_18,Ella Smith,ella.smith@midmarket.io,sales_rep,active,2027-10-28 13:10:14.000,2028-08-22 02:47:14.000,Europe/Copenhagen,sv-SE,false
user_8,account_20,Oliver Brown,oliver.brown@example.eu,,active,2028-07-14 16:19:50.000,2029-03-11 10:22:50.000,Europe/Copenhagen,fr-FR,false
user_9,account_35,Amelia Andersen,amelia.andersen@salesops.eu,sales_rep,active,2029-01-26 17:32:35.000,2029-06-10 10:37:35.000,Europe/Amsterdam,sv-SE,false
user_10,account_26,Sara Pedersen,sara.pedersen@acme-eu.com,sales_rep,active,2028-04-03 21:01:04.000,2028-04-04 17:27:04.000,Europe/Copenhagen,de-DE,true
user_11,account_8,Ella Garcia,ella.garcia@midmarket.io,customer_success,active,2028-01-25 23:02:15.000,2028-03-01 17:12:15.000,Europe/Amsterdam,sv-SE,false
user_12,account_55,Ida Lopez,ida.lopez@midmarket.io,revops,active,2029-01-12 12:39:51.000,2029-06-21 02:16:51.000,Europe/London,en-GB,false
user_13,account_3,Thea Dubois,thea.dubois@acme-eu.com,sales_rep,active,2029-01-04 14:13:23.000,2029-11-23 16:13:23.000,Europe/Stockholm,nb-NO,false
user_14,account_28,Ethan Larsen,ethan.larsen@midmarket.io,sales_rep,active,2028-01-05 17:42:33.000,2028-08-01 00:11:33.000,Europe/Oslo,nb-NO,false
user_15,account_84,Oscar Johansson,oscar.johansson@example.eu,sales_manager,active,2026-06-19 17:50:41.000,2026-10-25 00:22:41.000,Europe/Stockholm,fr-FR,false
user_16,account_57,Elin Andersen,elin.andersen@nordicflow-customer.com,sales_manager,active,2026-01-23 22:12:45.000,2026-03-12 06:16:45.000,Europe/Stockholm,de-DE,false
user_17,account_50,Mateo Lopez,mateo.lopez@example.eu,sales_rep,active,2029-02-08 19:12:43.000,2029-11-20 17:47:43.000,Europe/London,de-DE,false
user_18,account_96,Adam Johansson,adam.johansson@nordicflow-customer.com,sales_rep,active,2029-08-17 15:42:06.000,2029-12-31 00:00:00.000,Europe/Paris,nb-NO,false
user_19,account_114,Benjamin Olsen,benjamin.olsen@midmarket.io,sales_rep,active,2027-10-14 05:50:15.000,2028-09-15 01:45:15.000,Europe/Paris,fr-FR,false
user_20,account_17,Freja Schmidt,freja.schmidt@salesops.eu,customer_success,inactive,2026-01-15 11:18:19.000,2026-03-14 11:18:19.000,Europe/Paris,fr-FR,false
user_21,account_113,Lucas Garcia,lucas.garcia@acme-eu.com,,active,2029-07-19 04:15:53.000,2029-12-27 00:00:00.000,Europe/Paris,nl-NL,false
user_22,account_113,Elias Eriksen,elias.eriksen@nordicflow-customer.com,admin,active,2026-08-30 11:31:05.000,2027-01-16 21:08:05.000,Europe/Paris,sv-SE,true
user_23,account_63,Mateo Garcia,mateo.garcia@nordicflow-customer.com,sales_rep,active,2027-03-06 19:23:11.000,2027-03-28 19:30:11.000,Europe/Copenhagen,nl-NL,false
user_24,account_72,Ali Andersen,ali.andersen@nordicflow-customer.com,customer_success,active,2026-08-20 13:08:47.000,2027-05-26 14:21:47.000,Europe/Amsterdam,da-DK,false
user_25,account_102,Noah Garcia,noah.garcia@salesops.eu,sales_rep,active,2026-06-09 16:25:26.000,2026-12-08 11:31:26.000,Europe/Amsterdam,de-DE,false
user_26,account_103,Nora Garcia,nora.garcia@example.eu,sales_rep,active,2027-06-01 00:46:18.000,2027-12-28 23:37:18.000,Europe/Amsterdam,en-GB,false
user_27,account_110,Victor Olsen,victor.olsen@acme-eu.com,revops,active,2027-04-20 02:20:24.000,2027-08-14 09:56:24.000,Europe/Oslo,en-GB,false
user_28,account_83,Isak Jensen,isak.jensen@midmarket.io,sales_rep,active,2029-09-24 10:21:42.000,2029-12-22 00:00:00.000,Europe/Copenhagen,nb-NO,false
user_29,account_66,Ingrid Jensen,ingrid.jensen@midmarket.io,sales_rep,active,2027-11-09 09:24:09.000,2027-11-10 03:08:09.000,Europe/Amsterdam,fr-FR,false
user_30,account_86,Amelia Bernard,amelia.bernard@salesops.eu,sales_manager,active,2029-10-30 04:10:41.000,2029-12-27 00:00:00.000,Europe/London,de-DE,false
user_31,account_49,Nora Bernard,nora.bernard@midmarket.io,sales_rep,active,2026-01-01 15:08:04.000,2026-06-06 00:55:04.000,Europe/Stockholm,de-DE,false
user_32,account_66,Victor Brown,victor.brown@acme-eu.com,sales_manager,active,2028-10-28 06:15:53.000,2029-09-18 03:23:53.000,Europe/Copenhagen,nb-NO,false
user_33,account_4,Noah Olsen,noah.olsen@example.eu,sales_manager,active,2027-12-09 11:08:43.000,2028-07-09 08:37:43.000,Europe/Paris,sv-SE,false
user_34,account_115,Oscar Taylor,oscar.taylor@example.eu,sales_rep,active,2028-12-17 01:28:17.000,2029-09-08 17:19:17.000,Europe/Oslo,fr-FR,false
user_35,account_72,Mikkel Holm,mikkel.holm@example.eu,sales_manager,active,2028-02-24 03:29:38.000,2028-09-29 22:11:38.000,Europe/Berlin,sv-SE,false
user_36,account_99,Fatima Weber,fatima.weber@acme-eu.com,sales_rep,active,2027-03-20 20:43:03.000,2027-07-19 05:59:03.000,Europe/Copenhagen,da-DK,false
user_37,account_28,Lucas Nilsson,lucas.nilsson@example.eu,sales_rep,active,2026-04-07 17:26:02.000,2026-07-22 07:46:02.000,Europe/Berlin,nl-NL,false
user_38,account_1,Leo Lind,leo.lind@example.eu,admin,invited,2027-10-13 22:14:44.000,,Europe/Paris,en-GB,true
user_39,account_35,Hanna Weber,hanna.weber@nordicflow-customer.com,sales_rep,active,2029-05-24 20:54:09.000,2029-12-18 02:32:09.000,Europe/Amsterdam,de-DE,false
user_40,account_85,Emma Nielsen,emma.nielsen@example.eu,sales_rep,active,2026-03-20 02:44:49.000,2026-07-31 15:40:49.000,Europe/Copenhagen,sv-SE,false
user_41,account_54,Mateo Wilson,mateo.wilson@nordicflow-customer.com,sales_rep,active,2026-03-22 21:53:31.000,2026-09-18 05:32:31.000,Europe/London,nb-NO,false
user_42,account_3,Signe Larsen,signe.larsen@acme-eu.com,sales_rep,active,2028-05-26 02:18:35.000,2028-09-14 18:10:35.000,Europe/London,da-DK,false
user_43,account_105,Oliver Lind,oliver.lind@nordicflow-customer.com,sales_rep,inactive,2028-06-13 11:15:28.000,2028-09-07 11:15:28.000,Europe/Berlin,de-DE,false
user_44,account_90,Freja Thomas,FREJA.THOMAS@MIDMARKET.IO,revops,active,2028-05-29 03:29:41.000,2028-06-19 15:20:41.000,Europe/Paris,de-DE,false
user_45,account_14,Hanna Pedersen,hanna.pedersen@example.eu,sales_manager,active,2029-02-13 21:52:18.000,2029-11-08 20:04:18.000,Europe/Copenhagen,fr-FR,false
user_46,account_35,Adam Thomas,adam.thomas@acme-eu.com,revops,active,2029-10-01 13:35:34.000,2029-12-24 00:00:00.000,Europe/Paris,fr-FR,false
user_47,account_46,Mateo Holm,mateo.holm@salesops.eu,admin,active,2027-03-06 04:02:20.000,2027-12-15 04:22:20.000,Europe/Paris,sv-SE,true
user_48,account_89,Victor van Dijk,victor.van.dijk@example.eu,sales_rep,active,2027-04-03 01:53:51.000,2027-07-25 15:41:51.000,Europe/London,sv-SE,false
user_49,account_96,Elin Holm,elin.holm@salesops.eu,sales_manager,active,2027-01-26 13:00:30.000,2027-05-24 17:07:30.000,Europe/London,sv-SE,false
user_50,account_95,Victor Eriksen,victor.eriksen@midmarket.io,customer_success,active,2027-03-16 14:57:22.000,2027-05-06 21:34:22.000,Europe/Copenhagen,sv-SE,false
user_51,account_7,Elin Lind,elin.lind@acme-eu.com,sales_manager,active,2026-06-09 08:44:40.000,2026-06-16 04:19:40.000,Europe/Copenhagen,de-DE,false
user_52,account_15,Lucas Jensen,lucas.jensen@example.eu,sales_rep,active,2026-03-25 06:41:28.000,2026-06-10 11:46:28.000,Europe/Amsterdam,fr-FR,false
user_53,account_77,Signe Olsen,signe.olsen@midmarket.io,sales_rep,inactive,2027-04-07 22:07:41.000,2027-07-26 22:07:41.000,Europe/Paris,de-DE,false
user_54,account_27,Ida Eriksen,ida.eriksen@nordicflow-customer.com,sales_rep,active,2026-04-27 14:37:16.000,2026-07-16 14:42:16.000,Europe/Berlin,de-DE,false
user_55,account_111,Lina Nielsen,lina.nielsen@acme-eu.com,customer_success,active,2028-08-28 23:51:05.000,2029-06-26 22:25:05.000,Europe/Amsterdam,sv-SE,false
user_56,account_10,Sofia Berg,sofia.berg@salesops.eu,sales_rep,active,2029-12-02 00:32:48.000,2029-12-30 00:00:00.000,Europe/Berlin,en-GB,false
user_57,account_77,Noah Garcia,noah.garcia@example.eu,sales_manager,active,2026-02-10 04:18:47.000,2026-03-28 12:06:47.000,Europe/London,nl-NL,false
user_58,account_74,Noah Taylor,noah.taylor@acme-eu.com,sales_rep,active,2029-11-24 01:40:08.000,2029-12-22 00:00:00.000,Europe/Berlin,en-GB,false
user_59,account_14,Oliver Holm,oliver.holm@example.eu,sales_manager,active,2027-09-15 01:56:31.000,2028-06-22 03:11:31.000,Europe/Berlin,nb-NO,false
user_60,account_1,Ethan Schmidt,ethan.schmidt@example.eu,sales_rep,active,2028-08-25 05:28:23.000,2029-05-08 02:48:23.000,Europe/Berlin,nl-NL,false
user_61,account_63,Ingrid Hansen,ingrid.hansen@midmarket.io,revops,active,2027-04-28 17:36:17.000,2028-02-04 18:04:17.000,Europe/Paris,de-DE,false
user_62,account_107,Sara Weber,sara.weber@salesops.eu,sales_rep,active,2029-07-20 16:45:51.000,2029-12-28 00:00:00.000,Europe/Berlin,fr-FR,false
user_63,account_9,Lea Taylor,lea.taylor@example.eu,sales_rep,active,2027-02-20 00:55:07.000,2027-02-21 10:34:07.000,Europe/London,da-DK,false
user_64,account_62,Leo Holm,leo.holm@midmarket.io,revops,active,2029-12-20 03:15:10.000,2029-12-28 00:00:00.000,Europe/Paris,de-DE,false
user_65,account_104,Anton Jensen,anton.jensen@acme-eu.com,sales_rep,active,2028-02-20 06:46:16.000,2028-12-18 18:05:16.000,Europe/Amsterdam,nb-NO,false
user_66,account_53,Sara Nielsen,sara.nielsen@example.eu,revops,active,2028-08-26 04:47:40.000,2029-08-15 18:21:40.000,Europe/London,nb-NO,false
user_67,account_92,Klara Thomas,klara.thomas@midmarket.io,sales_rep,active,2028-09-07 11:23:17.000,2029-08-23 21:11:17.000,Europe/Stockholm,en-GB,false
user_68,account_22,Freja Garcia,freja.garcia@nordicflow-customer.com,sales_rep,active,2027-04-01 17:32:36.000,2027-10-02 06:19:36.000,Europe/Berlin,sv-SE,false
user_69,account_79,Anton Bernard,anton.bernard@acme-eu.com,,active,2026-12-27 16:36:45.000,2027-08-21 14:22:45.000,Europe/Copenhagen,de-DE,false
user_70,account_21,Lucas Schmidt,lucas.schmidt@salesops.eu,customer_success,active,2027-10-22 03:23:01.000,2028-10-09 11:55:01.000,Europe/Berlin,nl-NL,false
user_71,account_46,Benjamin Lind,benjamin.lind@salesops.eu,sales_rep,active,2027-09-07 20:42:27.000,2028-01-25 20:58:27.000,Europe/Paris,nl-NL,false
user_72,account_116,Hugo Taylor,hugo.taylor@acme-eu.com,sales_manager,active,2028-09-15 22:50:05.000,2028-12-22 20:01:05.000,Europe/Copenhagen,en-GB,false
user_73,account_81,Noah Lind,noah.lind@example.eu,sales_rep,active,2026-07-24 03:23:14.000,2026-09-08 13:27:14.000,Europe/Copenhagen,en-GB,false
user_74,account_65,Lea Wilson,lea.wilson@acme-eu.com,sales_rep,active,2028-01-19 12:35:20.000,2028-06-19 00:08:20.000,Europe/Amsterdam,nb-NO,false
user_75,account_87,Amina Thomas,amina.thomas@midmarket.io,sales_rep,active,2026-01-22 14:55:30.000,2026-06-07 09:13:30.000,Europe/Oslo,de-DE,false
user_76,account_48,Oscar de Vries,oscar.de.vries@acme-eu.com,sales_rep,active,2028-05-22 02:47:03.000,2028-11-05 23:36:03.000,Europe/Stockholm,en-GB,false
user_77,account_18,Noah Johansson,noah.johansson@salesops.eu,customer_success,active,2026-12-31 17:58:46.000,2027-10-02 22:35:46.000,Europe/Berlin,de-DE,false
user_78,account_94,Sara Garcia,sara.garcia@example.eu,sales_manager,active,2028-08-14 09:10:41.000,2029-03-10 18:42:41.000,Europe/Oslo,en-GB,false
user_79,account_88,Julie Dubois,julie.dubois@salesops.eu,sales_rep,active,2026-07-09 18:26:39.000,2027-02-26 21:33:39.000,Europe/London,sv-SE,false
user_80,account_17,Benjamin Svensson,benjamin.svensson@nordicflow-customer.com,revops,ACTIVE,2028-06-29 21:56:45.000,2028-10-18 05:53:45.000,Europe/Copenhagen,nl-NL,false
user_81,account_103,Nora Andersen,nora.andersen@nordicflow-customer.com,sales_rep,active,2029-05-09 18:51:29.000,2029-09-08 14:56:29.000,Europe/Copenhagen,nb-NO,false
user_82,account_61,Jonas Taylor,jonas.taylor@salesops.eu,sales_rep,active,2028-02-22 16:28:04.000,2028-06-15 13:27:04.000,Europe/Oslo,en-GB,false
user_83,account_8,Victor Thomas,victor.thomas@example.eu,sales_rep,active,2029-01-11 16:14:45.000,2029-08-26 18:44:45.000,Europe/Oslo,da-DK,false
user_84,account_42,Anton Bernard,anton.bernard@midmarket.io,sales_rep,active,2027-10-31 06:59:36.000,2027-12-21 06:56:36.000,Europe/Oslo,nl-NL,false
user_85,account_114,Liam Nilsson,liam.nilsson@salesops.eu,revops,active,2029-02-07 09:55:33.000,2029-03-27 20:35:33.000,Europe/Berlin,da-DK,false
user_86,account_107,Maja Nielsen,maja.nielsen@example.eu,sales_rep,active,2029-06-15 00:57:09.000,2029-08-20 19:56:09.000,Europe/Oslo,fr-FR,false
user_87,account_97,Hanna Thomas,hanna.thomas@nordicflow-customer.com,customer_success,active,2027-07-01 06:19:12.000,2027-08-24 02:02:12.000,Europe/Paris,sv-SE,false
user_88,account_15,Lea Martin,lea.martin@acme-eu.com,revops,active,2029-04-07 03:57:30.000,2029-12-21 00:00:00.000,Europe/London,fr-FR,true
user_89,account_90,Freja Lopez,freja.lopez@salesops.eu,sales_rep,active,2026-08-11 12:48:09.000,2027-05-28 11:14:09.000,Europe/Berlin,nb-NO,false
user_90,account_54,Lina Holm,lina.holm@acme-eu.com,sales_rep,active,2029-04-21 18:31:51.000,2029-12-30 00:00:00.000,Europe/Oslo,sv-SE,false
user_91,account_63,Mikkel Schmidt,mikkel.schmidt@example.eu,sales_rep,active,2026-06-26 19:25:27.000,2026-12-20 10:05:27.000,Europe/Oslo,da-DK,false
user_92,account_77,Sofia Hansen,sofia.hansen@acme-eu.com,sales_rep,active,2026-08-02 04:29:03.000,2026-12-10 14:21:03.000,Europe/Copenhagen,nb-NO,true
user_93,account_65,Elin Wilson,elin.wilson@salesops.eu,sales_rep,inactive,2026-03-07 17:08:33.000,2026-05-01 17:08:33.000,Europe/Oslo,de-DE,false
user_94,account_54,Hugo Andersen,hugo.andersen@example.eu,sales_rep,active,2029-05-29 19:27:18.000,2029-12-26 00:00:00.000,Europe/Oslo,de-DE,false
user_95,account_40,Amelia Olsen,amelia.olsen@salesops.eu,revops,active,2028-09-10 16:19:36.000,2028-11-08 10:25:36.000,Europe/Paris,sv-SE,false
user_96,account_31,Oscar Larsen,oscar.larsen@salesops.eu,sales_rep,active,2029-03-26 22:52:49.000,2029-12-29 00:00:00.000,Europe/Amsterdam,en-GB,false
user_97,account_73,Signe Holm,signe.holm@salesops.eu,sales_rep,active,2027-11-18 22:42:41.000,2028-10-07 09:02:41.000,Europe/Amsterdam,da-DK,false
user_98,account_48,Hugo Nielsen,hugo.nielsen@nordicflow-customer.com,sales_manager,active,2027-12-20 19:08:27.000,2028-10-13 14:03:27.000,Europe/Amsterdam,en-GB,false
user_99,account_61,Isak Larsen,isak.larsen@nordicflow-customer.com,sales_rep,active,2029-07-24 19:41:02.000,2029-12-23 00:00:00.000,Europe/London,sv-SE,false
user_100,account_47,Julie Lopez,julie.lopez@salesops.eu,sales_rep,active,2028-11-20 15:08:29.000,2029-09-22 16:55:29.000,Europe/Amsterdam,en-GB,false
user_101,account_93,Mikkel Thomas,mikkel.thomas@acme-eu.com,sales_rep,active,2026-08-08 16:49:55.000,2027-02-04 03:24:55.000,Europe/London,en-GB,false
user_102,account_83,Amelia Wilson,amelia.wilson@acme-eu.com,sales_manager,active,2029-02-21 15:30:57.000,2029-12-30 00:00:00.000,Europe/London,en-GB,false
user_103,account_99,Klara Svensson,klara.svensson@acme-eu.com,customer_success,active,2027-04-05 11:55:43.000,2027-05-27 05:14:43.000,Europe/Amsterdam,fr-FR,false
user_104,account_17,Mikkel Jensen,mikkel.jensen@acme-eu.com,sales_rep,active,2029-04-12 20:36:36.000,2029-12-24 00:00:00.000,Europe/Oslo,de-DE,false
user_105,account_101,Jonas Olsen,jonas.olsen@midmarket.io,sales_rep,invited,2029-05-03 11:26:31.000,,Europe/Berlin,nl-NL,false
user_106,account_100,Anton Müller,anton.muller@midmarket.io,sales_rep,active,2026-11-07 05:16:15.000,2027-09-12 09:59:15.000,Europe/Amsterdam,da-DK,false
user_107,account_67,Ingrid Lind,ingrid.lind@nordicflow-customer.com,revops,active,2029-11-07 08:15:42.000,2029-12-25 00:00:00.000,Europe/Oslo,sv-SE,false
user_108,account_48,Ella Jensen,ella.jensen@nordicflow-customer.com,sales_rep,active,2029-12-16 23:42:18.000,2029-12-26 00:00:00.000,Europe/Amsterdam,sv-SE,false
user_109,account_91,Victor Schmidt,victor.schmidt@midmarket.io,sales_rep,active,2027-02-02 13:32:08.000,2027-05-23 18:38:08.000,Europe/Paris,en-GB,false
user_110,account_31,Jakob van Dijk,jakob.van.dijk@midmarket.io,sales_rep,active,2029-11-07 02:19:18.000,2029-12-23 00:00:00.000,Europe/Oslo,en-GB,false
user_111,account_31,Benjamin Nilsson,benjamin.nilsson@acme-eu.com,sales_manager,active,2027-07-15 04:16:57.000,2027-08-18 22:13:57.000,Europe/Paris,fr-FR,false
user_112,account_50,Julie Eriksen,julie.eriksen@nordicflow-customer.com,sales_rep,active,2027-01-10 13:49:33.000,2027-12-13 11:15:33.000,Europe/Oslo,nl-NL,false
user_113,account_83,Nora Wilson,nora.wilson@example.eu,customer_success,active,2026-10-11 03:48:58.000,2026-12-19 05:57:58.000,Europe/London,nl-NL,false
user_114,account_41,Freja Müller,freja.muller@example.eu,customer_success,active,2027-01-29 12:13:18.000,2027-02-17 10:17:18.000,Europe/Stockholm,da-DK,false
user_115,account_48,Hanna Garcia,hanna.garcia@example.eu,sales_manager,inactive,2027-08-24 15:09:42.000,2027-10-06 15:09:42.000,Europe/Stockholm,de-DE,false
user_116,account_55,Maja Nilsson,maja.nilsson@midmarket.io,customer_success,active,2027-04-02 08:24:21.000,2027-09-13 11:54:21.000,Europe/Oslo,da-DK,false
user_117,account_45,Jonas Johansson,jonas.johansson@salesops.eu,sales_manager,active,2028-09-20 09:08:37.000,2028-10-19 11:41:37.000,Europe/London,en-GB,false
user_118,account_109,Mikkel de Vries,mikkel.de.vries@example.eu,sales_rep,active,2029-04-24 09:09:24.000,2029-12-26 00:00:00.000,Europe/Berlin,fr-FR,false
user_119,account_10,Benjamin Larsen,benjamin.larsen@midmarket.io,sales_rep,active,2027-03-09 22:18:27.000,2027-07-15 02:10:27.000,Europe/Oslo,en-GB,false
user_120,account_91,Jonas Svensson,jonas.svensson@midmarket.io,sales_rep,inactive,2028-02-03 01:16:14.000,2028-02-28 01:16:14.000,Europe/Oslo,sv-SE,false
user_121,account_88,Adam de Vries,adam.de.vries@salesops.eu,sales_manager,active,2027-03-28 01:29:25.000,2027-08-28 06:51:25.000,Europe/London,en-GB,false
user_122,account_26,Elias Olsen,elias.olsen@example.eu,sales_rep,active,2027-07-28 02:00:18.000,2028-03-23 20:49:18.000,Europe/Stockholm,fr-FR,false
user_123,account_53,Jakob Wilson,jakob.wilson@midmarket.io,sales_rep,invited,2028-09-24 20:07:06.000,,Europe/Oslo,de-DE,false
user_124,account_76,Nora Taylor,nora.taylor@acme-eu.com,sales_rep,inactive,2026-03-28 01:56:26.000,2026-07-12 01:56:26.000,Europe/Oslo,fr-FR,false
user_125,account_67,Hugo Thomas,hugo.thomas@nordicflow-customer.com,sales_rep,active,2028-05-05 16:51:23.000,2028-09-22 21:07:23.000,Europe/London,da-DK,false
user_126,account_22,Signe Smith,signe.smith@midmarket.io,sales_rep,inactive,2026-03-05 23:50:05.000,2026-06-18 23:50:05.000,Europe/Amsterdam,nb-NO,false
user_127,account_74,Jakob Bernard,jakob.bernard@nordicflow-customer.com,sales_rep,active,2027-03-26 23:44:31.000,2028-02-18 10:02:31.000,Europe/Berlin,sv-SE,false
user_128,account_57,Jakob Weber,jakob.weber@example.eu,sales_rep,active,2027-05-01 13:55:12.000,2027-10-12 01:42:12.000,Europe/Berlin,sv-SE,false
user_129,account_58,Ella Larsen,ella.larsen@nordicflow-customer.com,sales_rep,inactive,2029-09-04 10:21:48.000,2029-11-21 10:21:48.000,Europe/Berlin,sv-SE,false
user_130,account_25,Oliver Weber,oliver.weber@midmarket.io,sales_rep,inactive,2028-02-12 15:18:28.000,2028-02-14 15:18:28.000,Europe/Oslo,de-DE,false
user_131,account_64,Mikkel Garcia,mikkel.garcia@example.eu,sales_rep,active,2026-06-16 23:46:54.000,2027-01-23 04:20:54.000,Europe/Copenhagen,en-GB,false
user_132,account_47,Elin Lind,elin.lind@nordicflow-customer.com,sales_rep,active,2028-05-04 04:09:29.000,2028-09-25 01:25:29.000,Europe/London,fr-FR,false
user_133,account_47,Sara Svensson,sara.svensson@midmarket.io,sales_rep,active,2026-03-12 09:01:53.000,2026-03-31 13:41:53.000,Europe/London,da-DK,false
user_134,account_120,Signe Holm,signe.holm@acme-eu.com,sales_rep,active,2029-08-01 22:28:36.000,2029-12-26 00:00:00.000,Europe/Paris,nl-NL,false
user_135,account_43,Ingrid Nilsson,ingrid.nilsson@midmarket.io,sales_rep,inactive,2029-09-16 18:12:41.000,2029-12-13 18:12:41.000,Europe/London,nb-NO,false
user_136,account_30,Sofia Martin,sofia.martin@example.eu,sales_rep,active,2028-08-20 17:25:31.000,2029-03-02 22:27:31.000,Europe/Amsterdam,en-GB,false
user_137,account_54,Sara Nilsson,sara.nilsson@acme-eu.com,sales_rep,active,2029-11-30 23:30:30.000,2029-12-29 00:00:00.000,Europe/Paris,sv-SE,false
user_138,account_59,Ethan Holm,ethan.holm@midmarket.io,sales_rep,active,2029-01-24 22:00:56.000,2029-12-27 00:00:00.000,Europe/Paris,de-DE,false
user_139,account_39,Hugo Bakker,hugo.bakker@acme-eu.com,sales_manager,active,2028-01-16 08:22:05.000,2028-07-13 03:29:05.000,Europe/Amsterdam,en-GB,false
user_140,account_105,Leo Taylor,leo.taylor@acme-eu.com,sales_rep,active,2029-01-14 09:07:01.000,2029-02-23 20:56:01.000,Europe/Berlin,en-GB,false
user_141,account_90,Lea Larsen,lea.larsen@nordicflow-customer.com,sales_manager,active,2027-01-12 15:29:27.000,2027-02-07 14:20:27.000,Europe/Paris,sv-SE,false
user_142,account_99,Elias Hansen,elias.hansen@midmarket.io,customer_success,active,2028-10-11 05:36:27.000,2029-06-11 21:53:27.000,Europe/London,sv-SE,false
user_143,account_84,Benjamin Olsen,benjamin.olsen@midmarket.io,sales_manager,inactive,2026-02-27 22:34:45.000,2026-06-23 22:34:45.000,Europe/Stockholm,de-DE,false
user_144,account_64,Nora Lopez,nora.lopez@salesops.eu,admin,active,2028-06-01 07:09:11.000,2029-04-05 10:48:11.000,Europe/Copenhagen,da-DK,true
user_145,account_18,Isak Schmidt,isak.schmidt@salesops.eu,sales_rep,active,2026-09-10 10:13:30.000,2027-05-03 08:20:30.000,Europe/Copenhagen,en-GB,false
user_146,account_23,Signe Thomas,SIGNE.THOMAS@EXAMPLE.EU,revops,active,2026-05-15 17:49:06.000,2026-12-07 16:39:06.000,Europe/Oslo,sv-SE,false
user_147,account_97,Lea Holm,lea.holm@salesops.eu,sales_rep,active,2027-02-11 07:24:29.000,2028-01-11 19:40:29.000,Europe/London,sv-SE,false
user_148,account_115,Freja Bakker,freja.bakker@nordicflow-customer.com,sales_manager,inactive,2027-07-25 23:01:47.000,2027-10-11 23:01:47.000,Europe/Stockholm,sv-SE,false
user_149,account_90,Elin Lopez,elin.lopez@example.eu,revops,active,2029-07-06 12:43:47.000,2029-10-25 21:09:47.000,Europe/London,nl-NL,false
user_150,account_118,Benjamin Andersen,benjamin.andersen@nordicflow-customer.com,revops,inactive,2026-11-11 00:57:03.000,2027-01-23 00:57:03.000,Europe/Paris,sv-SE,false
user_151,account_63,Maja Garcia,maja.garcia@midmarket.io,sales_rep,active,2026-07-24 23:14:29.000,2027-04-13 13:24:29.000,Europe/Berlin,fr-FR,false
user_152,account_105,Ali Smith,ALI.SMITH@ACME-EU.COM,sales_rep,active,2027-06-20 04:58:01.000,2028-06-12 07:08:01.000,Europe/Paris,nb-NO,false
user_153,account_18,Jakob Pedersen,jakob.pedersen@example.eu,sales_rep,inactive,2027-08-10 10:05:02.000,2027-09-27 10:05:02.000,Europe/Oslo,en-GB,false
user_154,account_69,Amina Müller,amina.muller@acme-eu.com,sales_manager,active,2026-01-06 09:29:37.000,2026-01-17 19:40:37.000,Europe/Berlin,en-GB,false
user_155,account_20,Lea Svensson,lea.svensson@nordicflow-customer.com,sales_rep,active,2028-08-13 05:59:55.000,2028-08-21 14:11:55.000,Europe/Stockholm,nb-NO,false
user_156,account_95,Noah Jensen,noah.jensen@example.eu,sales_rep,active,2029-09-03 18:11:50.000,2029-10-01 22:57:50.000,Europe/Paris,da-DK,false
user_157,account_105,Adam Olsen,adam.olsen@salesops.eu,admin,invited,2028-03-20 17:38:52.000,,Europe/Stockholm,de-DE,true
user_158,account_117,Nora van Dijk,nora.van.dijk@example.eu,sales_rep,active,2027-06-20 00:42:55.000,2028-05-14 23:36:55.000,Europe/Berlin,nl-NL,false
user_159,account_69,Victor Olsen,victor.olsen@acme-eu.com,sales_rep,active,2029-06-05 17:30:45.000,2029-12-23 00:00:00.000,Europe/Berlin,de-DE,false
user_160,account_119,Jonas Thomas,jonas.thomas@salesops.eu,sales_rep,active,2026-10-23 21:40:10.000,2026-11-19 06:49:10.000,Europe/Berlin,en-GB,false
user_161,account_86,Elin Svensson,elin.svensson@example.eu,sales_rep,inactive,2027-04-16 23:40:07.000,2027-08-10 23:40:07.000,Europe/Oslo,sv-SE,false
user_162,account_32,Mikkel Bakker,mikkel.bakker@acme-eu.com,sales_rep,active,2027-05-15 14:40:35.000,2027-10-07 03:39:35.000,Europe/Berlin,fr-FR,false
user_163,account_103,Victor Taylor,victor.taylor@salesops.eu,,active,2027-10-06 00:26:07.000,2027-10-29 19:38:07.000,Europe/Amsterdam,sv-SE,false
user_164,account_38,Sara Svensson,sara.svensson@salesops.eu,sales_rep,active,2027-01-17 17:28:44.000,2027-09-30 12:15:44.000,Europe/London,en-GB,false
user_165,account_59,Oliver Smith,oliver.smith@salesops.eu,sales_rep,active,2028-01-29 13:45:07.000,2028-05-03 08:15:07.000,Europe/London,nb-NO,false
user_166,account_1,Jakob Larsen,jakob.larsen@acme-eu.com,sales_rep,active,2026-12-06 18:27:37.000,2027-08-22 10:00:37.000,Europe/Copenhagen,nb-NO,false
user_167,account_1,Ethan Dubois,ethan.dubois@example.eu,sales_rep,active,2027-03-03 19:04:37.000,2027-12-03 04:51:37.000,Europe/Oslo,fr-FR,false
user_168,account_13,Fatima Larsen,fatima.larsen@acme-eu.com,sales_rep,active,2029-06-20 09:23:43.000,2029-12-18 18:30:43.000,Europe/Amsterdam,de-DE,false
user_169,account_39,Maja van Dijk,maja.van.dijk@nordicflow-customer.com,sales_rep,active,2028-05-08 14:12:11.000,2029-01-06 16:06:11.000,Europe/London,nb-NO,false
user_170,account_110,Oscar Garcia,oscar.garcia@midmarket.io,customer_success,active,2029-11-01 01:53:28.000,2029-12-24 00:00:00.000,Europe/Copenhagen,nb-NO,false
user_171,account_23,Adam Hansen,adam.hansen@acme-eu.com,sales_rep,active,2029-01-12 03:48:24.000,2029-08-03 06:25:24.000,Europe/Copenhagen,sv-SE,false
user_172,account_50,Elias Brown,elias.brown@nordicflow-customer.com,sales_rep,invited,2026-03-25 09:56:53.000,,Europe/Oslo,de-DE,false
user_173,account_100,Adam Hansen,adam.hansen@salesops.eu,revops,active,2026-12-21 09:36:56.000,2027-06-22 04:28:56.000,Europe/Berlin,de-DE,false
user_174,account_32,Lucas Nielsen,lucas.nielsen@salesops.eu,,active,2028-09-11 17:32:16.000,2028-11-29 06:49:16.000,Europe/Copenhagen,da-DK,false
user_175,account_17,Maja Berg,maja.berg@example.eu,sales_rep,active,2027-09-26 20:59:22.000,2027-11-17 21:52:22.000,Europe/Oslo,da-DK,false
user_176,account_53,Anton Taylor,anton.taylor@nordicflow-customer.com,sales_manager,active,2027-01-13 02:05:49.000,2027-11-01 19:52:49.000,Europe/Stockholm,en-GB,false
user_177,account_56,Lea Nilsson,LEA.NILSSON@SALESOPS.EU,sales_rep,active,2027-01-27 00:02:46.000,2027-06-02 21:22:46.000,Europe/Berlin,fr-FR,false
user_178,account_80,Anton Brown,anton.brown@salesops.eu,sales_rep,active,2029-07-03 07:37:08.000,2029-12-29 00:00:00.000,Europe/Copenhagen,da-DK,false
user_179,account_41,Hugo Smith,hugo.smith@example.eu,customer_success,active,2027-05-22 05:55:10.000,2027-11-30 15:29:10.000,Europe/Amsterdam,nl-NL,false
user_180,account_88,Elin Hansen,elin.hansen@example.eu,customer_success,active,2029-05-24 03:52:18.000,2029-10-21 03:30:18.000,Europe/Oslo,nl-NL,false
user_181,account_33,Sara Bakker,sara.bakker@example.eu,revops,active,2028-07-17 20:35:23.000,2029-03-20 16:27:23.000,Europe/Berlin,fr-FR,false
user_182,account_47,Ethan Bernard,ethan.bernard@nordicflow-customer.com,sales_rep,active,2028-10-29 13:35:03.000,2029-04-28 19:15:03.000,Europe/London,fr-FR,false
user_183,account_102,Hanna Andersen,hanna.andersen@nordicflow-customer.com,sales_rep,active,2029-03-06 04:41:56.000,2029-11-26 23:43:56.000,Europe/Paris,en-GB,false
user_184,account_65,Sara Pedersen,sara.pedersen@nordicflow-customer.com,sales_rep,active,2029-12-01 00:29:59.000,2029-12-29 00:00:00.000,Europe/Copenhagen,da-DK,false
user_185,account_93,Jonas Holm,jonas.holm@nordicflow-customer.com,sales_rep,active,2026-06-28 18:41:23.000,2026-07-10 06:23:23.000,Europe/London,nb-NO,false
user_186,account_21,Amelia Dubois,amelia.dubois@example.eu,customer_success,active,2027-09-22 05:15:46.000,2028-08-09 11:32:46.000,Europe/Stockholm,en-GB,false
user_187,account_55,Anton Hansen,anton.hansen@acme-eu.com,sales_rep,active,2029-06-10 07:37:54.000,2029-07-13 03:19:54.000,Europe/Oslo,nl-NL,false
user_188,account_111,Klara Müller,klara.muller@salesops.eu,sales_rep,active,2028-06-30 21:07:19.000,2028-08-28 08:59:19.000,Europe/Copenhagen,nl-NL,false
user_189,account_76,Maja de Vries,maja.de.vries@acme-eu.com,sales_rep,active,2026-07-01 16:10:16.000,2026-10-03 04:54:16.000,Europe/London,sv-SE,false
user_190,account_82,Ethan Bakker,ethan.bakker@acme-eu.com,sales_rep,active,2026-08-06 22:38:02.000,2026-11-10 09:22:02.000,Europe/Amsterdam,de-DE,false
user_191,account_50,Elin Müller,elin.muller@example.eu,sales_rep,active,2029-01-08 04:01:35.000,2029-08-23 20:41:35.000,Europe/Stockholm,nb-NO,false
user_192,account_22,Lina Martin,lina.martin@example.eu,sales_rep,active,2026-06-27 09:55:57.000,2026-11-12 04:27:57.000,Europe/Amsterdam,da-DK,false
user_193,account_55,Oscar Smith,oscar.smith@acme-eu.com,sales_rep,invited,2027-11-30 15:14:13.000,,Europe/Copenhagen,da-DK,false
user_194,account_27,Thea Bakker,thea.bakker@salesops.eu,admin,active,2027-10-28 03:13:30.000,2028-01-21 00:14:30.000,Europe/Stockholm,nl-NL,true
user_195,account_36,Mikkel Dubois,mikkel.dubois@acme-eu.com,sales_rep,active,2027-03-26 11:07:30.000,2028-01-13 20:14:30.000,Europe/Amsterdam,fr-FR,false
user_196,account_118,Sofia Eriksen,sofia.eriksen@acme-eu.com,sales_manager,active,2026-08-16 04:21:02.000,2027-08-15 15:20:02.000,Europe/Amsterdam,sv-SE,false
user_197,account_54,Anton Schmidt,anton.schmidt@nordicflow-customer.com,sales_manager,inactive,2026-05-25 14:49:30.000,2026-07-15 14:49:30.000,Europe/Paris,en-GB,false
user_198,account_1,Maja Smith,maja.smith@example.eu,sales_manager,active,2029-08-13 14:15:28.000,2029-09-15 08:29:28.000,Europe/Berlin,sv-SE,false
user_199,account_71,Benjamin Larsen,benjamin.larsen@midmarket.io,admin,active,2029-10-21 00:30:06.000,2029-12-31 00:00:00.000,Europe/Oslo,en-GB,true
user_200,account_57,Lina Hansen,lina.hansen@example.eu,sales_rep,active,2026-07-24 22:04:34.000,2027-06-22 08:22:34.000,Europe/Stockholm,nl-NL,false
user_201,account_116,Oliver Johansson,oliver.johansson@example.eu,,active,2029-03-19 05:05:44.000,2029-07-16 19:44:44.000,Europe/London,nb-NO,false
user_202,account_88,Jonas Hansen,jonas.hansen@nordicflow-customer.com,sales_manager,active,2029-08-29 11:48:39.000,2029-12-29 00:00:00.000,Europe/Berlin,nb-NO,false
user_203,account_39,Elias Jensen,elias.jensen@acme-eu.com,sales_manager,active,2026-04-17 06:34:10.000,2027-01-14 01:47:10.000,Europe/Oslo,fr-FR,false
user_204,account_53,Signe de Vries,signe.de.vries@example.eu,admin,active,2026-06-06 01:36:39.000,2026-08-16 05:48:39.000,Europe/Paris,en-GB,true
user_205,account_36,Maja Olsen,maja.olsen@midmarket.io,sales_manager,active,2027-03-19 14:37:03.000,2028-03-06 15:31:03.000,Europe/Amsterdam,nl-NL,false
user_206,account_38,Sofia Brown,sofia.brown@acme-eu.com,,active,2028-02-16 01:47:13.000,2029-01-07 22:03:13.000,Europe/Oslo,fr-FR,false
user_207,account_108,Benjamin Nilsson,benjamin.nilsson@salesops.eu,sales_rep,active,2028-01-02 16:41:52.000,2028-02-08 17:15:52.000,Europe/Paris,nb-NO,true
user_208,account_37,Isak Taylor,isak.taylor@example.eu,sales_rep,active,2028-09-22 00:57:39.000,2029-06-23 19:18:39.000,Europe/Paris,sv-SE,false
user_209,account_69,Adam Jensen,adam.jensen@midmarket.io,sales_manager,active,2028-11-23 23:35:46.000,2029-10-19 01:50:46.000,Europe/Copenhagen,en-GB,false
user_210,account_15,Lina Bernard,lina.bernard@midmarket.io,,active,2028-10-19 05:58:12.000,2029-01-16 10:02:12.000,Europe/Oslo,en-GB,false
user_211,account_106,Mateo Berg,mateo.berg@salesops.eu,sales_rep,active,2027-02-22 12:15:58.000,2027-04-23 13:15:58.000,Europe/Copenhagen,nl-NL,false
user_212,account_64,Lina Müller,lina.muller@salesops.eu,sales_rep,inactive,2026-09-17 05:47:21.000,2026-11-03 05:47:21.000,Europe/Stockholm,da-DK,false
user_213,account_1,Noah Thomas,noah.thomas@nordicflow-customer.com,sales_rep,active,2027-08-18 22:30:34.000,2027-11-03 04:36:34.000,Europe/Amsterdam,nb-NO,false
user_214,account_54,Adam Eriksen,adam.eriksen@nordicflow-customer.com,sales_rep,active,2028-11-11 23:24:07.000,2028-12-08 05:31:07.000,Europe/Stockholm,nl-NL,false
user_215,account_100,Freja Holm,freja.holm@nordicflow-customer.com,sales_rep,active,2026-11-08 17:33:46.000,2027-04-07 12:47:46.000,Europe/Amsterdam,da-DK,false
user_216,,William Smith,william.smith@midmarket.io,revops,active,2026-01-10 21:47:04.000,2026-08-07 22:35:04.000,Europe/Stockholm,fr-FR,false
user_217,account_85,Anton Thomas,anton.thomas@salesops.eu,sales_rep,active,2027-01-05 23:31:53.000,2027-08-08 16:18:53.000,Europe/Oslo,sv-SE,false
user_218,account_90,Julie Schmidt,julie.schmidt@nordicflow-customer.com,sales_rep,active,2028-09-16 21:07:20.000,2029-04-05 23:40:20.000,Europe/Paris,fr-FR,false
user_219,account_119,Amina Bakker,amina.bakker@salesops.eu,sales_rep,active,2026-04-27 00:32:57.000,2026-08-08 05:10:57.000,Europe/Amsterdam,nl-NL,false
user_220,account_69,Leo Taylor,LEO.TAYLOR@ACME-EU.COM,sales_rep,active,2029-08-17 06:50:22.000,2029-10-17 09:55:22.000,Europe/Stockholm,nl-NL,false
user_221,account_92,Ella Pedersen,ella.pedersen@example.eu,sales_rep,active,2027-02-09 03:43:15.000,2027-05-09 04:46:15.000,Europe/Berlin,nl-NL,false
user_222,account_18,Ingrid Hansen,ingrid.hansen@nordicflow-customer.com,revops,invited,2026-07-23 01:25:02.000,,Europe/Stockholm,nl-NL,false
user_223,account_118,Lucas Hansen,lucas.hansen@nordicflow-customer.com,sales_rep,active,2029-06-11 04:50:28.000,2029-08-15 07:58:28.000,Europe/Amsterdam,nl-NL,false
user_224,account_56,Amina Weber,amina.weber@nordicflow-customer.com,sales_rep,active,2027-07-04 19:57:39.000,2027-10-22 02:20:39.000,Europe/Copenhagen,da-DK,false
user_225,account_64,Jakob Garcia,jakob.garcia@midmarket.io,sales_rep,active,2027-08-18 23:50:40.000,2027-10-28 14:08:40.000,Europe/Stockholm,en-GB,false
user_226,account_49,Leo Weber,leo.weber@midmarket.io,revops,active,2028-05-28 17:00:07.000,2029-02-10 03:58:07.000,Europe/Berlin,da-DK,false
user_227,account_8,Victor Müller,victor.muller@salesops.eu,revops,invited,2026-09-05 23:14:39.000,,Europe/Oslo,sv-SE,false
user_228,account_29,Benjamin Thomas,benjamin.thomas@example.eu,sales_rep,active,2029-08-06 00:07:09.000,2029-11-02 06:07:09.000,Europe/Stockholm,fr-FR,false
user_229,,Benjamin Martin,BENJAMIN.MARTIN@ACME-EU.COM,sales_rep,active,2029-06-12 21:56:42.000,2029-12-27 00:00:00.000,Europe/Stockholm,de-DE,false
user_230,account_118,Signe Svensson,signe.svensson@acme-eu.com,sales_rep,active,2029-05-31 12:33:05.000,2029-11-12 14:34:05.000,Europe/Oslo,sv-SE,false
user_231,account_10,Julie Bakker,julie.bakker@example.eu,sales_rep,active,2027-05-17 03:31:09.000,2027-07-25 08:53:09.000,Europe/London,de-DE,false
user_232,account_89,Signe Brown,signe.brown@salesops.eu,sales_rep,Active,2026-09-30 09:34:57.000,2027-04-11 20:02:57.000,Europe/London,en-GB,false
user_233,account_73,Noah Berg,noah.berg@midmarket.io,sales_rep,active,2028-08-07 17:56:29.000,2028-11-29 15:45:29.000,Europe/Paris,nb-NO,false
user_234,account_22,Maja Wilson,maja.wilson@salesops.eu,sales_rep,active,2027-01-23 15:33:27.000,2028-01-12 17:51:27.000,Europe/Copenhagen,da-DK,false
user_235,account_22,Jakob Weber,jakob.weber@example.eu,sales_rep,active,2029-07-11 12:09:49.000,2029-12-21 00:00:00.000,Europe/Amsterdam,en-GB,false
user_236,account_14,Lucas Holm,lucas.holm@acme-eu.com,admin,active,2026-04-27 12:17:34.000,2027-02-01 15:27:34.000,Europe/Copenhagen,fr-FR,true
user_237,account_84,Oliver Bernard,oliver.bernard@example.eu,sales_rep,active,2026-11-16 07:28:37.000,2027-02-21 21:26:37.000,Europe/London,fr-FR,false
user_238,account_7,Amina Martin,amina.martin@midmarket.io,revops,active,2027-07-15 12:40:38.000,2027-07-17 03:15:38.000,Europe/Oslo,da-DK,false
user_239,account_82,Hugo Nielsen,hugo.nielsen@example.eu,revops,active,2027-09-10 10:39:24.000,2028-05-09 03:20:24.000,Europe/London,da-DK,false
user_240,account_58,Noah Eriksen,noah.eriksen@example.eu,sales_rep,active,2027-02-22 04:43:00.000,2027-12-07 06:49:00.000,Europe/Stockholm,nl-NL,false
user_241,account_97,Thea Olsen,thea.olsen@midmarket.io,sales_rep,active,2028-03-22 19:16:45.000,2028-10-23 13:32:45.000,Europe/London,nl-NL,false
user_242,account_110,Noah Müller,noah.muller@midmarket.io,customer_success,active,2028-11-18 12:19:52.000,2029-10-01 17:20:52.000,Europe/Oslo,nl-NL,false
user_243,account_6,Hanna Nielsen,hanna.nielsen@example.eu,sales_rep,active,2026-08-18 17:18:02.000,2027-06-19 02:06:02.000,Europe/Copenhagen,en-GB,false
user_244,account_36,Fatima Schmidt,fatima.schmidt@nordicflow-customer.com,revops,active,2028-03-22 18:31:25.000,2028-10-22 22:21:25.000,Europe/Berlin,sv-SE,false
user_245,account_73,Oscar Brown,oscar.brown@salesops.eu,admin,inactive,2029-09-25 18:14:39.000,2029-11-16 18:14:39.000,Europe/Copenhagen,de-DE,true
user_246,account_52,Sara Bernard,SARA.BERNARD@MIDMARKET.IO,sales_manager,active,2027-09-07 20:13:22.000,2028-02-24 19:47:22.000,Europe/Stockholm,nb-NO,false
user_247,account_108,Klara Thomas,klara.thomas@nordicflow-customer.com,customer_success,active,2027-04-12 18:43:22.000,2027-11-25 05:40:22.000,Europe/Copenhagen,en-GB,false
user_248,account_95,Klara Taylor,klara.taylor@midmarket.io,admin,active,2028-03-11 10:38:48.000,2028-05-31 12:52:48.000,Europe/Copenhagen,en-GB,true
user_249,account_4,Nora Svensson,nora.svensson@acme-eu.com,revops,active,2027-12-11 01:38:23.000,2028-01-05 13:56:23.000,Europe/London,sv-SE,false
user_250,account_4,Ella Pedersen,ella.pedersen@example.eu,sales_rep,active,2029-09-14 05:52:31.000,2029-12-23 00:00:00.000,Europe/Copenhagen,da-DK,false
user_251,account_50,Sofia Berg,sofia.berg@midmarket.io,revops,active,2026-12-10 20:33:58.000,2027-11-07 04:14:58.000,Europe/London,sv-SE,false
user_252,account_2,Victor Lopez,victor.lopez@acme-eu.com,sales_manager,active,2026-01-14 03:33:02.000,2026-05-08 12:09:02.000,Europe/Paris,nl-NL,false
user_253,account_110,Leo Schmidt,leo.schmidt@salesops.eu,sales_rep,active,2028-03-19 18:47:15.000,2029-02-02 08:20:15.000,Europe/Paris,nb-NO,true
user_254,account_77,Mikkel Lind,mikkel.lind@salesops.eu,sales_manager,active,2027-06-07 09:33:47.000,2027-10-27 07:24:47.000,Europe/Copenhagen,nl-NL,false
user_255,account_67,Ella Garcia,ella.garcia@nordicflow-customer.com,revops,active,2028-07-21 02:51:46.000,2029-02-13 01:23:46.000,Europe/Copenhagen,en-GB,false
user_256,account_52,Anton Smith,anton.smith@nordicflow-customer.com,sales_rep,invited,2029-06-21 15:13:59.000,,Europe/Stockholm,da-DK,false
user_257,account_86,Leo Müller,leo.muller@salesops.eu,revops,active,2029-09-23 14:05:38.000,2029-12-27 00:00:00.000,Europe/Oslo,de-DE,false
user_258,account_88,Amelia van Dijk,amelia.van.dijk@nordicflow-customer.com,sales_rep,active,2029-09-15 17:20:54.000,2029-12-26 00:00:00.000,Europe/Copenhagen,da-DK,false
user_259,account_75,Signe Nielsen,signe.nielsen@example.eu,admin,active,2029-09-09 14:39:37.000,2029-12-23 00:00:00.000,Europe/Copenhagen,de-DE,true
user_260,account_53,Benjamin Garcia,benjamin.garcia@example.eu,sales_rep,inactive,2026-10-08 04:11:15.000,2027-01-15 04:11:15.000,Europe/Oslo,de-DE,false
user_261,account_27,Oliver Martin,oliver.martin@acme-eu.com,sales_rep,active,2026-05-17 18:25:09.000,2026-07-23 15:23:09.000,Europe/Berlin,en-GB,false
user_262,account_2,Adam Taylor,adam.taylor@midmarket.io,sales_rep,active,2028-08-31 12:34:55.000,2029-01-05 20:17:55.000,Europe/London,da-DK,false
user_263,account_6,Freja Lind,freja.lind@example.eu,sales_manager,active,2027-06-09 19:24:26.000,2028-01-18 18:50:26.000,Europe/Stockholm,da-DK,false
user_264,account_104,Amina Hansen,amina.hansen@acme-eu.com,sales_rep,invited,2026-11-25 01:44:32.000,,Europe/London,nb-NO,false
user_265,account_113,Mateo Taylor,mateo.taylor@midmarket.io,sales_manager,active,2026-03-16 12:05:32.000,2027-02-17 15:46:32.000,Europe/London,nl-NL,true
user_266,account_61,Sara Svensson,sara.svensson@nordicflow-customer.com,sales_rep,active,2028-10-26 03:09:18.000,2029-07-19 12:21:18.000,Europe/Paris,fr-FR,false
user_267,account_37,Ingrid Brown,ingrid.brown@nordicflow-customer.com,sales_rep,active,2029-04-23 12:24:38.000,2029-09-05 06:15:38.000,Europe/Stockholm,da-DK,false
user_268,account_120,Victor Holm,victor.holm@acme-eu.com,sales_rep,active,2029-11-09 18:56:19.000,2029-12-21 00:00:00.000,Europe/Berlin,sv-SE,false
user_269,account_83,Liam Schmidt,liam.schmidt@salesops.eu,sales_rep,active,2029-06-17 05:29:19.000,2029-09-14 06:49:19.000,Europe/Amsterdam,da-DK,false
user_270,account_114,Noah Hansen,noah.hansen@acme-eu.com,sales_manager,active,2027-07-10 09:35:15.000,2028-02-20 06:48:15.000,Europe/Copenhagen,en-GB,false
user_271,account_35,Anton Bakker,anton.bakker@example.eu,revops,active,2029-05-22 22:56:30.000,2029-08-16 02:47:30.000,Europe/Stockholm,en-GB,false
user_272,account_62,Benjamin de Vries,benjamin.de.vries@example.eu,sales_rep,active,2027-07-12 01:32:11.000,2028-05-20 02:31:11.000,Europe/Amsterdam,en-GB,false
user_273,account_114,Jakob Schmidt,jakob.schmidt@nordicflow-customer.com,sales_rep,active,2026-01-20 04:49:19.000,2027-01-16 03:57:19.000,Europe/Paris,nl-NL,false
user_274,account_67,Fatima Bakker,fatima.bakker@midmarket.io,sales_rep,active,2027-01-22 03:37:19.000,2027-09-25 15:25:19.000,Europe/London,en-GB,false
user_275,account_2,Oliver Müller,oliver.muller@example.eu,admin,inactive,2026-04-27 07:10:42.000,2026-08-01 07:10:42.000,Europe/Berlin,da-DK,true
user_276,account_83,Anton Jensen,anton.jensen@acme-eu.com,sales_rep,active,2028-06-09 04:17:26.000,2029-01-24 07:17:26.000,Europe/Amsterdam,de-DE,false
user_277,account_53,Noah Dubois,noah.dubois@midmarket.io,sales_rep,active,2028-07-27 14:19:50.000,2029-06-09 12:04:50.000,Europe/Copenhagen,fr-FR,false
user_278,account_105,Liam Thomas,LIAM.THOMAS@EXAMPLE.EU,sales_rep,active,2028-07-20 23:48:00.000,2029-03-20 22:13:00.000,Europe/Copenhagen,en-GB,false
user_279,account_103,Hugo Dubois,hugo.dubois@midmarket.io,sales_rep,active,2029-10-25 06:00:09.000,2029-12-29 00:00:00.000,Europe/Amsterdam,en-GB,false
user_280,account_110,Amina Svensson,amina.svensson@example.eu,revops,active,2027-06-09 23:04:33.000,2027-08-04 13:12:33.000,Europe/Oslo,en-GB,false
user_281,account_65,Elias Weber,elias.weber@nordicflow-customer.com,sales_rep,active,2029-12-23 22:49:12.000,2029-12-24 00:00:00.000,Europe/Paris,nl-NL,false
user_282,account_50,Mikkel Bernard,mikkel.bernard@salesops.eu,sales_rep,active,2028-08-04 00:55:49.000,2029-07-24 09:23:49.000,Europe/Copenhagen,de-DE,false
user_283,account_90,Isak Lind,isak.lind@midmarket.io,admin,active,2029-12-24 06:25:05.000,2029-12-28 00:00:00.000,Europe/Stockholm,sv-SE,true
user_284,account_91,Nora Müller,nora.muller@midmarket.io,sales_manager,active,2026-06-29 06:37:10.000,2026-12-27 01:48:10.000,Europe/Berlin,fr-FR,false
user_285,account_37,Hanna Brown,hanna.brown@nordicflow-customer.com,sales_rep,active,2026-08-14 18:10:21.000,2026-09-11 17:02:21.000,Europe/Oslo,sv-SE,false
user_286,account_8,Hugo Svensson,hugo.svensson@midmarket.io,sales_rep,active,2026-06-09 04:43:53.000,2027-04-21 03:46:53.000,Europe/London,fr-FR,false
user_287,account_103,Hugo Bakker,hugo.bakker@nordicflow-customer.com,customer_success,active,2029-05-09 06:55:38.000,2029-12-23 00:00:00.000,Europe/Oslo,nb-NO,false
user_288,account_29,Julie Taylor,julie.taylor@midmarket.io,sales_rep,active,2029-04-20 16:50:52.000,2029-07-29 02:52:52.000,Europe/Berlin,sv-SE,false
user_289,account_6,Hanna Eriksen,hanna.eriksen@midmarket.io,sales_rep,active,2029-08-07 05:41:43.000,2029-12-15 05:52:43.000,Europe/Copenhagen,de-DE,false
user_290,account_120,Signe Wilson,signe.wilson@salesops.eu,sales_rep,active,2027-07-11 06:23:54.000,2027-08-17 17:13:54.000,Europe/Paris,sv-SE,false
user_291,account_52,Maja Pedersen,maja.pedersen@acme-eu.com,admin,active,2027-05-30 07:03:18.000,2027-11-30 17:04:18.000,Europe/Stockholm,nl-NL,true
user_292,account_84,Ali Andersen,ali.andersen@salesops.eu,sales_rep,inactive,2028-08-11 08:26:06.000,2028-12-06 08:26:06.000,Europe/Paris,sv-SE,false
user_293,account_50,Mateo Dubois,mateo.dubois@salesops.eu,sales_rep,active,2029-04-11 22:06:37.000,2029-10-20 15:39:37.000,Europe/Amsterdam,fr-FR,false
user_294,account_13,Oliver Taylor,oliver.taylor@midmarket.io,sales_rep,active,2026-11-24 10:30:10.000,2027-11-03 07:59:10.000,Europe/Amsterdam,sv-SE,false
user_295,account_95,Hanna van Dijk,hanna.van.dijk@nordicflow-customer.com,sales_manager,active,2027-12-15 09:09:27.000,2028-06-01 10:26:27.000,Europe/Oslo,nb-NO,false
user_296,account_34,Jakob Jensen,jakob.jensen@example.eu,sales_manager,active,2026-01-27 05:44:27.000,2026-08-15 04:42:27.000,Europe/Oslo,fr-FR,true
user_297,account_109,Lucas Pedersen,lucas.pedersen@midmarket.io,sales_rep,active,2027-04-14 03:10:07.000,2028-02-18 06:07:07.000,Europe/Copenhagen,nl-NL,false
user_298,account_18,Amina Brown,AMINA.BROWN@MIDMARKET.IO,sales_rep,active,2027-04-09 00:21:06.000,2028-03-20 22:27:06.000,Europe/Copenhagen,nb-NO,false
user_299,account_11,Freja Svensson,freja.svensson@salesops.eu,sales_rep,inactive,2029-08-15 16:41:12.000,2029-10-19 16:41:12.000,Europe/Stockholm,sv-SE,false
user_300,account_73,Sofia Thomas,sofia.thomas@midmarket.io,sales_rep,active,2027-03-28 12:19:00.000,2028-03-05 14:36:00.000,Europe/Copenhagen,nb-NO,false
user_301,account_31,Oscar Lind,oscar.lind@midmarket.io,sales_rep,active,2028-01-25 18:13:10.000,2028-09-12 05:25:10.000,Europe/Paris,en-GB,false
user_302,account_55,Oliver Hansen,oliver.hansen@salesops.eu,sales_rep,active,2029-02-23 06:20:51.000,2029-12-27 00:00:00.000,Europe/Amsterdam,da-DK,false
user_303,account_40,Klara Dubois,klara.dubois@nordicflow-customer.com,sales_rep,active,2029-07-31 16:19:03.000,2029-12-21 21:05:03.000,Europe/Paris,sv-SE,false
user_304,account_65,Emma Wilson,emma.wilson@midmarket.io,sales_rep,active,2026-11-27 12:17:35.000,2026-12-16 07:06:35.000,Europe/Copenhagen,fr-FR,false
user_305,account_115,Thea Smith,thea.smith@salesops.eu,sales_rep,active,2026-05-21 16:05:55.000,2026-12-11 04:30:55.000,Europe/Paris,nb-NO,false
user_306,account_66,Elias Schmidt,elias.schmidt@acme-eu.com,sales_rep,inactive,2028-10-21 08:42:35.000,2029-02-09 08:42:35.000,Europe/Stockholm,en-GB,false
user_307,account_34,Julie Olsen,julie.olsen@nordicflow-customer.com,sales_manager,active,2029-05-14 11:47:04.000,2029-11-15 01:01:04.000,Europe/Berlin,de-DE,false
user_308,account_82,Lea Wilson,lea.wilson@salesops.eu,sales_rep,active,2027-08-09 02:53:11.000,2028-07-08 15:48:11.000,Europe/Copenhagen,fr-FR,false
user_309,account_67,Amina Pedersen,amina.pedersen@salesops.eu,sales_rep,active,2028-07-27 14:37:05.000,2028-07-31 07:44:05.000,Europe/Stockholm,de-DE,false
user_310,account_47,Mikkel Bakker,mikkel.bakker@nordicflow-customer.com,sales_manager,active,2027-05-28 23:40:17.000,2027-07-26 16:06:17.000,Europe/London,de-DE,false
user_311,account_17,Benjamin Martin,benjamin.martin@acme-eu.com,sales_rep,active,2029-10-15 19:20:39.000,2029-12-31 00:00:00.000,Europe/Stockholm,da-DK,false
user_312,account_113,Hugo Nielsen,hugo.nielsen@acme-eu.com,sales_rep,invited,2029-09-09 07:22:37.000,,Europe/Berlin,sv-SE,false
user_313,account_80,Isak Eriksen,isak.eriksen@acme-eu.com,sales_manager,Active,2027-12-06 10:35:32.000,2028-10-07 06:44:32.000,Europe/Oslo,sv-SE,false
user_314,,Victor Garcia,victor.garcia@midmarket.io,sales_rep,inactive,2028-04-05 13:08:40.000,2028-06-08 13:08:40.000,Europe/Amsterdam,nb-NO,false
user_315,account_100,Hanna Müller,hanna.muller@example.eu,sales_rep,active,2028-04-03 00:59:29.000,2028-11-08 08:48:29.000,Europe/Amsterdam,de-DE,false
user_316,account_90,Benjamin Andersen,benjamin.andersen@example.eu,sales_rep,active,2026-12-28 04:42:31.000,2027-02-08 14:22:31.000,Europe/Paris,fr-FR,false
user_317,account_16,Fatima Hansen,fatima.hansen@example.eu,sales_manager,active,2027-05-06 17:40:10.000,2027-12-02 06:01:10.000,Europe/Oslo,sv-SE,false
user_318,account_79,Lea de Vries,lea.de.vries@example.eu,revops,active,2029-05-02 13:45:00.000,2029-12-29 00:00:00.000,Europe/Copenhagen,fr-FR,false
user_319,account_95,Elias Thomas,elias.thomas@nordicflow-customer.com,sales_manager,active,2028-12-22 08:13:12.000,2029-03-14 11:38:12.000,Europe/Stockholm,fr-FR,false
user_320,account_21,Anton van Dijk,anton.van.dijk@nordicflow-customer.com,revops,active,2028-01-03 17:04:55.000,2028-11-06 07:55:55.000,Europe/Oslo,nb-NO,false
user_321,account_52,Signe van Dijk,signe.van.dijk@midmarket.io,sales_rep,Invited,2026-03-31 06:22:37.000,,Europe/Amsterdam,nl-NL,false
user_322,account_66,Fatima Bakker,fatima.bakker@acme-eu.com,sales_manager,active,2027-07-13 20:04:45.000,2027-11-13 18:25:45.000,Europe/Oslo,sv-SE,false
user_323,account_26,Fatima Hansen,fatima.hansen@nordicflow-customer.com,customer_success,active,2029-02-02 00:24:47.000,2029-11-15 20:17:47.000,Europe/Copenhagen,da-DK,false
user_324,account_74,Ali Eriksen,ali.eriksen@acme-eu.com,sales_rep,active,2026-04-23 10:44:40.000,2027-01-05 20:46:40.000,Europe/Copenhagen,nb-NO,false
user_325,account_89,Jonas Jensen,jonas.jensen@midmarket.io,sales_rep,active,2027-06-12 15:28:15.000,2028-02-02 14:43:15.000,Europe/Berlin,fr-FR,false
user_326,account_29,Liam Brown,liam.brown@salesops.eu,sales_rep,active,2028-04-12 02:33:02.000,2028-04-17 02:28:02.000,Europe/Amsterdam,da-DK,false
user_327,account_120,Nora Weber,nora.weber@salesops.eu,sales_rep,inactive,2027-02-22 23:52:20.000,2027-03-17 23:52:20.000,Europe/London,en-GB,false
user_328,account_34,Ida Olsen,ida.olsen@acme-eu.com,revops,active,2027-07-08 01:39:45.000,2027-09-25 05:17:45.000,Europe/Oslo,nb-NO,false
user_329,account_6,Victor Pedersen,victor.pedersen@midmarket.io,sales_rep,inactive,2029-09-30 13:35:06.000,,Europe/Paris,nl-NL,false
user_330,account_97,Benjamin Larsen,benjamin.larsen@nordicflow-customer.com,sales_rep,active,2029-12-30 16:51:21.000,2029-12-23 00:00:00.000,Europe/Copenhagen,de-DE,false
user_331,account_41,Ali Hansen,ali.hansen@acme-eu.com,sales_rep,active,2027-07-16 17:30:42.000,2028-05-25 02:21:42.000,Europe/Stockholm,fr-FR,false
user_332,account_55,Ida Nilsson,ida.nilsson@salesops.eu,sales_rep,active,2027-12-02 04:23:41.000,2028-03-03 23:53:41.000,Europe/Stockholm,fr-FR,false
user_333,account_110,Anton Svensson,anton.svensson@acme-eu.com,revops,active,2028-01-05 18:14:03.000,2028-01-10 00:15:03.000,Europe/Berlin,de-DE,false
user_334,account_63,Freja Eriksen,freja.eriksen@midmarket.io,admin,active,2026-06-03 18:02:52.000,2027-05-22 23:36:52.000,Europe/Oslo,sv-SE,true
user_335,account_43,Mateo Pedersen,mateo.pedersen@salesops.eu,sales_rep,inactive,2027-02-05 08:18:18.000,2027-03-21 08:18:18.000,Europe/Oslo,de-DE,false
user_336,account_84,Ethan Berg,ethan.berg@salesops.eu,sales_rep,active,2028-01-28 07:05:02.000,2028-09-12 09:45:02.000,Europe/Berlin,fr-FR,false
user_337,account_44,Jakob van Dijk,jakob.van.dijk@midmarket.io,sales_rep,active,2026-04-21 19:54:00.000,2026-06-01 01:25:00.000,Europe/Copenhagen,sv-SE,false
user_338,account_114,Jonas Taylor,jonas.taylor@salesops.eu,sales_manager,active,2027-12-01 11:58:40.000,2028-06-29 17:40:40.000,Europe/Stockholm,nl-NL,true
user_339,account_11,Ida Berg,ida.berg@example.eu,sales_rep,active,2029-09-26 23:58:26.000,2029-12-31 00:00:00.000,Europe/Oslo,nl-NL,false
user_340,account_84,Anton Lind,anton.lind@acme-eu.com,sales_rep,active,2028-08-31 04:53:34.000,2028-11-03 09:21:34.000,Europe/Paris,nl-NL,false
user_341,account_60,Ethan Lopez,ethan.lopez@salesops.eu,sales_rep,active,2028-12-19 17:15:57.000,2029-09-21 23:17:57.000,Europe/Paris,fr-FR,false
user_342,account_69,Freja Lopez,freja.lopez@salesops.eu,sales_rep,ACTIVE,2026-05-20 02:48:57.000,2027-01-01 13:18:57.000,Europe/Copenhagen,de-DE,false
user_343,account_2,Klara Taylor,klara.taylor@example.eu,sales_rep,active,2029-05-24 14:16:59.000,2029-10-21 10:38:59.000,Europe/Stockholm,nl-NL,true
user_344,account_21,Anton Wilson,anton.wilson@example.eu,sales_rep,active,2028-08-29 09:43:54.000,2028-12-30 03:21:54.000,Europe/Amsterdam,nl-NL,false
user_345,account_104,Lea Nilsson,lea.nilsson@acme-eu.com,admin,active,2027-03-26 20:53:43.000,2027-05-22 18:37:43.000,Europe/Berlin,fr-FR,true
user_346,account_20,Sofia Dubois,sofia.dubois@nordicflow-customer.com,sales_rep,active,2027-02-23 04:19:19.000,2027-04-28 19:16:19.000,Europe/London,nb-NO,false
user_347,account_103,Klara Pedersen,klara.pedersen@example.eu,sales_manager,active,2026-05-05 14:56:01.000,2026-07-18 16:50:01.000,Europe/Copenhagen,nl-NL,false
user_348,account_49,Ali Andersen,ali.andersen@acme-eu.com,sales_rep,invited,2027-01-19 22:52:27.000,,Europe/London,nb-NO,false
user_349,account_50,Freja Lopez,freja.lopez@salesops.eu,sales_rep,active,2029-03-02 21:20:40.000,2029-12-09 15:06:40.000,Europe/Oslo,da-DK,false
user_350,account_15,Ella van Dijk,ella.van.dijk@example.eu,sales_rep,active,2027-03-05 21:45:20.000,2027-12-30 01:50:20.000,Europe/Berlin,nl-NL,false
user_351,account_20,Julie Taylor,julie.taylor@nordicflow-customer.com,sales_rep,active,2028-12-01 13:52:11.000,2029-10-14 01:25:11.000,Europe/Amsterdam,en-GB,false
user_352,account_63,Liam Holm,liam.holm@midmarket.io,revops,active,2029-06-05 08:09:45.000,2029-12-31 00:00:00.000,Europe/London,de-DE,false
user_353,account_38,Ethan Bakker,ethan.bakker@example.eu,sales_rep,active,2027-06-25 01:52:43.000,2027-12-07 17:51:43.000,Europe/Copenhagen,nl-NL,false
user_354,account_38,Mateo Dubois,mateo.dubois@salesops.eu,sales_rep,active,2028-02-25 23:28:17.000,2028-09-07 05:47:17.000,Europe/Oslo,fr-FR,false
user_355,account_69,Anton Svensson,anton.svensson@midmarket.io,sales_manager,active,2026-08-28 10:26:21.000,2027-07-07 20:05:21.000,Europe/Copenhagen,de-DE,false
user_356,account_17,Nora Thomas,nora.thomas@nordicflow-customer.com,sales_rep,active,2026-06-03 09:48:02.000,2026-06-20 05:17:02.000,Europe/London,nl-NL,false
user_357,account_29,Mikkel Bakker,mikkel.bakker@nordicflow-customer.com,sales_rep,inactive,2028-10-15 16:06:29.000,2028-12-16 16:06:29.000,Europe/Amsterdam,nb-NO,false
user_358,account_106,Julie Brown,julie.brown@nordicflow-customer.com,revops,active,2026-03-05 03:39:33.000,2026-04-10 14:01:33.000,Europe/Oslo,sv-SE,false
user_359,account_68,Ella Martin,ella.martin@acme-eu.com,sales_rep,active,2029-03-05 00:56:11.000,2029-04-28 22:43:11.000,Europe/Paris,da-DK,false
user_360,account_71,Amina Müller,amina.muller@salesops.eu,sales_manager,active,2028-07-20 22:28:46.000,2029-03-04 10:29:46.000,Europe/Copenhagen,fr-FR,false
user_361,account_93,Adam Bernard,adam.bernard@acme-eu.com,,active,2029-04-04 11:40:17.000,2029-12-26 00:00:00.000,Europe/Berlin,de-DE,false
user_362,account_18,Freja Hansen,freja.hansen@salesops.eu,customer_success,active,2027-05-05 04:29:50.000,2027-05-17 04:01:50.000,Europe/Amsterdam,da-DK,false
user_363,account_59,Leo Larsen,leo.larsen@acme-eu.com,sales_rep,inactive,2027-01-24 03:20:26.000,2027-02-22 03:20:26.000,Europe/Copenhagen,nl-NL,false
user_364,account_42,Victor Berg,victor.berg@example.eu,revops,active,2028-06-14 03:30:11.000,2028-08-01 23:49:11.000,Europe/London,da-DK,false
user_365,account_43,Leo Garcia,leo.garcia@example.eu,sales_rep,Inactive,2029-09-13 03:59:29.000,2029-12-20 03:59:29.000,Europe/Stockholm,en-GB,false
user_366,account_41,Ethan Martin,ethan.martin@acme-eu.com,sales_rep,active,2026-08-26 23:36:58.000,2026-09-21 22:35:58.000,Europe/London,de-DE,false
user_367,account_101,Amina Larsen,amina.larsen@acme-eu.com,sales_rep,active,2029-03-03 19:21:31.000,2029-03-29 14:03:31.000,Europe/Berlin,da-DK,false
user_368,account_72,William Weber,william.weber@example.eu,sales_manager,active,2028-08-14 22:01:35.000,2029-05-10 06:25:35.000,Europe/Stockholm,nb-NO,false
user_369,account_53,Hanna Pedersen,hanna.pedersen@salesops.eu,sales_rep,active,2028-10-15 03:27:02.000,2028-10-27 13:51:02.000,Europe/Stockholm,da-DK,false
user_370,account_105,Liam Svensson,liam.svensson@salesops.eu,sales_rep,active,2026-05-14 07:23:39.000,2026-07-10 09:14:39.000,Europe/Stockholm,fr-FR,false
user_371,account_61,Emma Holm,emma.holm@acme-eu.com,sales_manager,active,2028-04-28 20:10:16.000,2029-01-21 04:59:16.000,Europe/Paris,de-DE,false
user_372,account_116,Fatima Johansson,fatima.johansson@salesops.eu,,active,2029-05-10 23:04:46.000,2029-12-27 00:00:00.000,Europe/Oslo,de-DE,false
user_373,account_85,Julie Thomas,julie.thomas@nordicflow-customer.com,sales_rep,inactive,2028-10-05 19:48:08.000,2028-11-23 19:48:08.000,Europe/Stockholm,de-DE,false
user_374,account_12,Nora Svensson,NORA.SVENSSON@MIDMARKET.IO,customer_success,active,2029-01-11 18:46:36.000,2029-01-22 20:07:36.000,Europe/Stockholm,fr-FR,false
user_375,account_39,Ella Müller,ella.muller@salesops.eu,revops,active,2029-09-26 23:27:47.000,2029-12-23 00:00:00.000,Europe/Copenhagen,sv-SE,false
user_376,account_87,Signe Thomas,signe.thomas@acme-eu.com,sales_rep,active,2027-10-25 11:46:02.000,2028-04-02 08:25:02.000,Europe/Copenhagen,de-DE,false
user_377,account_111,Elias Lind,elias.lind@midmarket.io,customer_success,active,2029-11-13 02:03:15.000,2029-12-22 00:00:00.000,Europe/Stockholm,da-DK,false
user_378,account_19,Emma Taylor,emma.taylor@salesops.eu,admin,active,2027-10-01 20:34:37.000,2028-03-05 11:41:37.000,Europe/London,nl-NL,true
user_379,account_14,Elias Berg,elias.berg@nordicflow-customer.com,revops,active,2027-02-19 13:21:33.000,2027-12-27 08:42:33.000,Europe/Paris,sv-SE,false
user_380,account_18,Isak Thomas,isak.thomas@midmarket.io,sales_rep,active,2026-10-13 19:08:24.000,2027-04-30 11:54:24.000,Europe/Berlin,sv-SE,false
user_381,account_53,Liam Smith,liam.smith@acme-eu.com,revops,active,2029-12-11 04:54:45.000,2029-12-24 00:00:00.000,Europe/London,da-DK,false
user_382,account_106,Anton Smith,anton.smith@salesops.eu,sales_rep,inactive,2028-06-07 11:15:42.000,2028-08-22 11:15:42.000,Europe/Paris,fr-FR,false
user_383,account_113,Noah Garcia,noah.garcia@acme-eu.com,sales_rep,active,2029-02-16 01:07:38.000,2029-03-08 20:09:38.000,Europe/Berlin,fr-FR,false
user_384,account_100,Hugo Schmidt,hugo.schmidt@acme-eu.com,sales_rep,active,2026-03-26 17:38:49.000,2027-03-15 11:16:49.000,Europe/Stockholm,de-DE,false
user_385,account_115,Ethan Larsen,ethan.larsen@example.eu,sales_rep,active,2026-10-05 21:04:36.000,2027-05-26 17:12:36.000,Europe/London,sv-SE,false
user_386,account_21,Ingrid Nielsen,ingrid.nielsen@nordicflow-customer.com,sales_manager,active,2026-05-13 12:27:30.000,2027-02-06 01:33:30.000,Europe/London,nl-NL,false
user_387,account_22,Amelia Martin,amelia.martin@acme-eu.com,sales_rep,active,2029-04-09 20:14:37.000,2029-12-25 00:00:00.000,Europe/Copenhagen,da-DK,false
user_388,account_26,Ali Bernard,ali.bernard@salesops.eu,sales_rep,active,2028-02-14 14:43:48.000,2028-11-18 14:54:48.000,Europe/Paris,de-DE,false
user_389,account_77,Ali Olsen,ALI.OLSEN@MIDMARKET.IO,sales_rep,active,2029-06-28 00:20:29.000,2029-10-12 02:00:29.000,Europe/Stockholm,sv-SE,false
user_390,account_12,Sofia Andersen,sofia.andersen@example.eu,customer_success,active,2027-03-18 18:28:30.000,2028-01-25 17:01:30.000,Europe/London,en-GB,false
user_391,account_120,Noah Nielsen,noah.nielsen@salesops.eu,sales_rep,inactive,2029-06-28 05:41:10.000,2029-07-06 05:41:10.000,Europe/Amsterdam,de-DE,false
user_392,account_43,Fatima Nilsson,fatima.nilsson@midmarket.io,sales_rep,active,2026-04-01 09:16:43.000,2026-05-27 04:46:43.000,Europe/London,en-GB,false
user_393,account_91,Hugo Nilsson,hugo.nilsson@midmarket.io,revops,active,2028-06-12 10:52:24.000,2029-04-27 22:56:24.000,Europe/Stockholm,fr-FR,false
user_394,account_79,Liam Bakker,liam.bakker@salesops.eu,customer_success,active,2026-02-07 06:17:33.000,2026-10-04 03:37:33.000,Europe/Amsterdam,nb-NO,false
user_395,account_45,Elin Brown,elin.brown@acme-eu.com,sales_rep,Active,2027-03-14 11:48:16.000,2027-07-22 14:06:16.000,Europe/Copenhagen,da-DK,false
user_396,account_79,Emma Wilson,emma.wilson@acme-eu.com,sales_rep,active,2029-12-03 17:04:54.000,2029-12-24 00:00:00.000,Europe/Amsterdam,nb-NO,false
user_397,account_43,Lina Brown,lina.brown@example.eu,customer_success,active,2028-03-20 11:01:04.000,2028-08-21 06:18:04.000,Europe/London,en-GB,false
user_398,account_114,Leo Nielsen,leo.nielsen@acme-eu.com,sales_rep,active,2027-08-06 21:59:24.000,2028-06-22 16:13:24.000,Europe/Amsterdam,sv-SE,false
user_399,account_91,Adam Bakker,adam.bakker@nordicflow-customer.com,sales_rep,active,2029-09-24 10:44:48.000,2029-12-24 00:00:00.000,Europe/Amsterdam,da-DK,false
user_400,account_117,Maja Schmidt,maja.schmidt@midmarket.io,sales_rep,active,2028-02-16 19:22:33.000,2028-05-05 01:51:33.000,Europe/Copenhagen,de-DE,false
